username,name,url_main,url_user,exists,http_status,response_time_s
kuhree,1337x,https://www.1337x.to/,https://www.1337x.to/user/kuhree/,Available,200,0.6839831729885191
kuhree,2Dimensions,https://2Dimensions.com/,https://2Dimensions.com/a/kuhree,Available,404,0.4273212580010295
kuhree,7Cups,https://www.7cups.com/,https://www.7cups.com/@kuhree,Available,404,0.4954540799953975
kuhree,9GAG,https://www.9gag.com/,https://www.9gag.com/u/kuhree,Available,404,0.7530022480059415
kuhree,About.me,https://about.me/,https://about.me/kuhree,Available,404,0.0834940760396421
kuhree,Academia.edu,https://www.academia.edu/,https://independent.academia.edu/kuhree,Available,404,0.11059433198533952
kuhree,Airbit,https://airbit.com/,https://airbit.com/kuhree,Available,404,0.3198599779861979
kuhree,Airliners,https://www.airliners.net/,https://www.airliners.net/user/kuhree/profile/photos,Available,404,0.23380795598495752
kuhree,AllMyLinks,https://allmylinks.com/,https://allmylinks.com/kuhree,Available,404,0.13300320197595283
kuhree,AniWorld,https://aniworld.to/,https://aniworld.to/user/profil/kuhree,Available,200,0.37902269198093563
kuhree,Anilist,https://anilist.co/,https://anilist.co/user/kuhree/,Available,404,0.18293142196489498
kuhree,Apple Developer,https://developer.apple.com,https://developer.apple.com/forums/profile/kuhree,Available,404,0.4604162849718705
kuhree,Apple Discussions,https://discussions.apple.com,https://discussions.apple.com/profile/kuhree,Available,404,0.6439954899833538
kuhree,Archive of Our Own,https://archiveofourown.org/,https://archiveofourown.org/users/kuhree,Unknown,?,
kuhree,Archive.org,https://archive.org,https://archive.org/details/@kuhree,Available,404,2.6467383059789427
kuhree,ArtStation,https://www.artstation.com/,https://www.artstation.com/kuhree,Available,403,0.08996657398529351
kuhree,Asciinema,https://asciinema.org,https://asciinema.org/~kuhree,Available,404,0.5754938679747283
kuhree,Ask Fedora,https://ask.fedoraproject.org/,https://ask.fedoraproject.org/u/kuhree,Available,404,0.5193952859845012
kuhree,Atcoder,https://atcoder.jp/,https://atcoder.jp/users/kuhree,Available,404,0.5615870999754407
kuhree,Audiojungle,https://audiojungle.net/,https://audiojungle.net/user/kuhree,Available,404,0.15886893501738086
kuhree,Autofrage,https://www.autofrage.net/,https://www.autofrage.net/nutzer/kuhree,Available,404,0.5134556389530189
kuhree,Avizo,https://www.avizo.cz/,https://www.avizo.cz/kuhree/,Available,301,0.8047025800333358
kuhree,BOOTH,https://booth.pm/,https://kuhree.booth.pm/,Available,302,0.993610514968168
kuhree,Bandcamp,https://www.bandcamp.com/,https://www.bandcamp.com/kuhree,Available,404,0.2912731019896455
kuhree,Bazar.cz,https://www.bazar.cz/,https://www.bazar.cz/kuhree/,Available,302,0.9651674659689888
kuhree,Behance,https://www.behance.net/,https://www.behance.net/kuhree,Available,404,0.3704714200575836
kuhree,Bezuzyteczna,https://bezuzyteczna.pl,https://bezuzyteczna.pl/uzytkownicy/kuhree,Available,404,0.6580979989957996
kuhree,BiggerPockets,https://www.biggerpockets.com/,https://www.biggerpockets.com/users/kuhree,Available,404,0.5096875839517452
kuhree,BioHacking,https://forum.dangerousthings.com/,https://forum.dangerousthings.com/u/kuhree,Available,404,0.42141375999199226
kuhree,BitBucket,https://bitbucket.org/,https://bitbucket.org/kuhree/,Available,404,0.530605091014877
kuhree,Bitwarden Forum,https://bitwarden.com/,https://community.bitwarden.com/u/kuhree/summary,Available,404,0.53264443698572
kuhree,Blipfoto,https://www.blipfoto.com/,https://www.blipfoto.com/kuhree,Available,404,0.9897626840393059
kuhree,Blogger,https://www.blogger.com/,https://kuhree.blogspot.com,Available,404,0.4657173340092413
kuhree,BoardGameGeek,https://boardgamegeek.com,https://boardgamegeek.com/user/kuhree,Available,200,0.5056491910363548
kuhree,Bookcrossing,https://www.bookcrossing.com/,https://www.bookcrossing.com/mybookshelf/kuhree/,Available,404,0.6466886039706878
kuhree,BraveCommunity,https://community.brave.com/,https://community.brave.com/u/kuhree/,Available,404,0.7346699729678221
kuhree,BugCrowd,https://bugcrowd.com/,https://bugcrowd.com/kuhree,Available,404,0.7092102449969389
kuhree,BuyMeACoffee,https://www.buymeacoffee.com/,https://buymeacoff.ee/kuhree,Available,404,0.7031429350026883
kuhree,BuzzFeed,https://buzzfeed.com/,https://buzzfeed.com/kuhree,Available,404,0.6370433029951528
kuhree,CGTrader,https://www.cgtrader.com,https://www.cgtrader.com/kuhree,Available,404,0.8212780770263635
kuhree,CNET,https://www.cnet.com/,https://www.cnet.com/profiles/kuhree/,Available,404,0.8581557619618252
kuhree,CSSBattle,https://cssbattle.dev,https://cssbattle.dev/player/kuhree,Available,403,0.7475698770140298
kuhree,CTAN,https://ctan.org/,https://ctan.org/author/kuhree,Available,404,0.9228311779443175
kuhree,Caddy Community,https://caddy.community/,https://caddy.community/u/kuhree/summary,Available,404,0.7900378109770827
kuhree,Car Talk Community,https://community.cartalk.com/,https://community.cartalk.com/u/kuhree/summary,Available,404,0.9273068800102919
kuhree,Carbonmade,https://carbonmade.com/,https://kuhree.carbonmade.com,Available,404,0.7251959379645996
kuhree,Career.habr,https://career.habr.com/,https://career.habr.com/kuhree,Available,404,0.8886945560225286
kuhree,Championat,https://www.championat.com/,https://www.championat.com/user/kuhree,Available,404,2.215291289961897
kuhree,Chaos,https://chaos.social/,https://chaos.social/@kuhree,Available,404,1.4808644919539802
kuhree,Chatujme.cz,https://chatujme.cz/,https://profil.chatujme.cz/kuhree,Available,404,1.5573184700333513
kuhree,Chess,https://www.chess.com/,https://www.chess.com/member/kuhree,Available,200,0.8239375129924156
kuhree,Choice Community,https://choice.community/,https://choice.community/u/kuhree/summary,Available,520,1.5579324919963256
kuhree,Clapper,https://clapperapp.com/,https://clapperapp.com/kuhree,Available,400,1.113475896010641
kuhree,CloudflareCommunity,https://community.cloudflare.com/,https://community.cloudflare.com/u/kuhree,Available,403,0.7803217899636365
kuhree,Clozemaster,https://www.clozemaster.com,https://www.clozemaster.com/players/kuhree,Available,200,0.9210640469682403
kuhree,Clubhouse,https://www.clubhouse.com,https://www.clubhouse.com/@kuhree,Available,404,0.9101801320211962
kuhree,Code Snippet Wiki,https://codesnippets.fandom.com,https://codesnippets.fandom.com/wiki/User:kuhree,Available,404,0.8408701029838994
kuhree,Codeberg,https://codeberg.org/,https://codeberg.org/kuhree,Available,404,1.1534240960027091
kuhree,Codecademy,https://www.codecademy.com/,https://www.codecademy.com/profiles/kuhree,Available,200,1.1012508790008724
kuhree,Codechef,https://www.codechef.com/,https://www.codechef.com/users/kuhree,Available,302,1.004835004976485
kuhree,Codeforces,https://codeforces.com/,https://codeforces.com/profile/kuhree,Available,400,1.0863156139967032
kuhree,Codepen,https://codepen.io/,https://codepen.io/kuhree,Available,403,0.91289382398827
kuhree,Coders Rank,https://codersrank.io/,https://profile.codersrank.io/user/kuhree/,Available,200,1.3740660300245509
kuhree,Coderwall,https://coderwall.com,https://coderwall.com/kuhree,Available,404,1.0803819479770027
kuhree,Codewars,https://www.codewars.com,https://www.codewars.com/users/kuhree,Available,404,1.0188929660362191
kuhree,Coinvote,https://coinvote.cc/,https://coinvote.cc/profile/kuhree,Available,410,1.2500487610232085
kuhree,ColourLovers,https://www.colourlovers.com/,https://www.colourlovers.com/lover/kuhree,Unknown,?,
kuhree,Contently,https://contently.com/,https://kuhree.contently.com/,Available,302,1.0153474709950387
kuhree,Coroflot,https://coroflot.com/,https://www.coroflot.com/kuhree,Available,404,1.035171620955225
kuhree,Cracked,https://www.cracked.com/,https://www.cracked.com/members/kuhree/,Available,301,1.1172645000042394
kuhree,Crevado,https://crevado.com/,https://kuhree.crevado.com,Available,404,1.1118602670030668
kuhree,Crowdin,https://crowdin.com/,https://crowdin.com/profile/kuhree,Available,404,1.1101889500278048
kuhree,Cryptomator Forum,https://community.cryptomator.org/,https://community.cryptomator.org/u/kuhree,Available,404,1.3826340769883245
kuhree,Cults3D,https://cults3d.com/en,https://cults3d.com/en/users/kuhree/creations,Claimed,403,1.0713094670209102
kuhree,CyberDefenders,https://cyberdefenders.org/,https://cyberdefenders.org/p/kuhree,Available,200,1.565186302002985
kuhree,DEV Community,https://dev.to/,https://dev.to/kuhree,Claimed,200,1.097519753035158
kuhree,DMOJ,https://dmoj.ca/,https://dmoj.ca/user/kuhree,Available,404,1.2686379100196064
kuhree,DailyMotion,https://www.dailymotion.com/,https://www.dailymotion.com/kuhree,Available,404,1.2905536919715814
kuhree,Dealabs,https://www.dealabs.com/,https://www.dealabs.com/profile/kuhree,Available,410,1.3693684680038132
kuhree,DeviantART,https://deviantart.com,https://kuhree.deviantart.com,Available,404,1.6050546320038848
kuhree,DigitalSpy,https://forums.digitalspy.com/,https://forums.digitalspy.com/profile/kuhree,Available,404,1.435982174007222
kuhree,Discogs,https://www.discogs.com/,https://www.discogs.com/user/kuhree,Available,403,1.1626912660431117
kuhree,Discord,https://discord.com/,https://discord.com,Claimed,200,1.21191584400367
kuhree,Discuss.Elastic.co,https://discuss.elastic.co/,https://discuss.elastic.co/u/kuhree,Available,404,1.3920559760299511
kuhree,Disqus,https://disqus.com/,https://disqus.com/kuhree,Available,404,1.2523209240171127
kuhree,Docker Hub,https://hub.docker.com/,https://hub.docker.com/u/kuhree/,Claimed,200,1.2358701199991629
kuhree,Dribbble,https://dribbble.com/,https://dribbble.com/kuhree,Available,404,1.3654320180066861
kuhree,Duolingo,https://duolingo.com/,https://www.duolingo.com/profile/kuhree,Available,200,1.347909845993854
kuhree,Eintracht Frankfurt Forum,https://community.eintracht.de/,https://community.eintracht.de/fans/kuhree,Available,500,2.4447707399958745
kuhree,Empretienda AR,https://empretienda.com,https://kuhree.empretienda.com.ar,Unknown,?,
kuhree,Envato Forum,https://forums.envato.com/,https://forums.envato.com/u/kuhree,Available,404,1.539430015021935
kuhree,Exposure,https://exposure.co/,https://kuhree.exposure.co/,Available,404,1.4447938849916682
kuhree,exophase,https://www.exophase.com/,https://www.exophase.com/user/kuhree/,Available,404,1.4818461909890175
kuhree,EyeEm,https://www.eyeem.com/,https://www.eyeem.com/u/kuhree,Available,404,1.5615389549639076
kuhree,F3.cool,https://f3.cool/,https://f3.cool/kuhree/,Available,404,1.4396589469979517
kuhree,Fameswap,https://fameswap.com/,https://fameswap.com/user/kuhree,Available,403,1.4691247930168174
kuhree,Fandom,https://www.fandom.com/,https://www.fandom.com/u/kuhree,Available,404,1.700725841044914
kuhree,Fanpop,https://www.fanpop.com/,https://www.fanpop.com/fans/kuhree,Available,404,1.799547690025065
kuhree,Finanzfrage,https://www.finanzfrage.net/,https://www.finanzfrage.net/nutzer/kuhree,Available,404,1.8466757829883136
kuhree,Flickr,https://www.flickr.com/,https://www.flickr.com/people/kuhree,Available,404,3.063201142998878
kuhree,Flightradar24,https://www.flightradar24.com/,https://my.flightradar24.com/kuhree,Available,404,2.0896269799559377
kuhree,Flipboard,https://flipboard.com/,https://flipboard.com/@kuhree,Available,404,1.770422016037628
kuhree,Football,https://www.rusfootball.info/,https://www.rusfootball.info/user/kuhree/,Available,404,2.333563137042802
kuhree,FortniteTracker,https://fortnitetracker.com/challenges,https://fortnitetracker.com/profile/all/kuhree,Available,403,1.5226242619683035
kuhree,Fosstodon,https://fosstodon.org/,https://fosstodon.org/@kuhree,Claimed,200,1.801907560962718
kuhree,Freelance.habr,https://freelance.habr.com/,https://freelance.habr.com/freelancers/kuhree,Claimed,410,1.694067604956217
kuhree,Freelancer,https://www.freelancer.com/,https://www.freelancer.com/u/kuhree,Available,200,1.609174899989739
kuhree,Freesound,https://freesound.org/,https://freesound.org/people/kuhree/,Available,404,2.140011671988759
kuhree,GNOME VCS,https://gitlab.gnome.org/,https://gitlab.gnome.org/kuhree,Claimed,200,1.6478999420069158
kuhree,GaiaOnline,https://www.gaiaonline.com/,https://www.gaiaonline.com/profiles/kuhree,Available,200,1.928634577023331
kuhree,Gamespot,https://www.gamespot.com/,https://www.gamespot.com/profile/kuhree/,Available,404,1.6093026250018738
kuhree,GeeksforGeeks,https://www.geeksforgeeks.org/,https://auth.geeksforgeeks.org/user/kuhree,Available,404,1.995843871962279
kuhree,Genius (Artists),https://genius.com/,https://genius.com/artists/kuhree,Available,404,1.8146009690244682
kuhree,Genius (Users),https://genius.com/,https://genius.com/kuhree,Claimed,200,1.7424435219727457
kuhree,Gesundheitsfrage,https://www.gesundheitsfrage.net/,https://www.gesundheitsfrage.net/nutzer/kuhree,Available,404,2.0588118160376325
kuhree,GetMyUni,https://getmyuni.com/,https://www.getmyuni.com/user/kuhree,Available,404,3.195198546978645
kuhree,Giant Bomb,https://www.giantbomb.com/,https://www.giantbomb.com/profile/kuhree/,Available,404,1.8997083609574474
kuhree,Giphy,https://giphy.com/,https://giphy.com/kuhree,Available,200,1.9403328219777904
kuhree,GitBook,https://gitbook.com/,https://kuhree.gitbook.io/,Available,404,2.061306193994824
kuhree,GitHub,https://www.github.com/,https://www.github.com/kuhree,Claimed,200,2.117217148945201
kuhree,GitLab,https://gitlab.com/,https://gitlab.com/kuhree,Claimed,200,2.018794084957335
kuhree,Gitea,https://gitea.com/,https://gitea.com/kuhree,Available,404,2.4463299509952776
kuhree,Gitee,https://gitee.com/,https://gitee.com/kuhree,Available,502,7.0746764749637805
kuhree,GoodReads,https://www.goodreads.com/,https://www.goodreads.com/kuhree,Available,404,2.0770925160031766
kuhree,Google Play,https://play.google.com,https://play.google.com/store/apps/developer?id=kuhree,Available,404,2.056091631995514
kuhree,Gradle,https://gradle.org/,https://plugins.gradle.org/u/kuhree,Available,404,2.0798159730038606
kuhree,Grailed,https://www.grailed.com/,https://www.grailed.com/kuhree,Available,302,2.1115610739798285
kuhree,Gravatar,http://en.gravatar.com/,http://en.gravatar.com/kuhree,Available,404,2.254466747981496
kuhree,Gumroad,https://www.gumroad.com/,https://www.gumroad.com/kuhree,Available,404,2.1947871189913712
kuhree,Gutefrage,https://www.gutefrage.net/,https://www.gutefrage.net/nutzer/kuhree,Available,404,2.4867702560150065
kuhree,HackTheBox,https://forum.hackthebox.com/,https://forum.hackthebox.com/u/kuhree,Available,404,2.3912788120214827
kuhree,Hackaday,https://hackaday.io/,https://hackaday.io/kuhree,Available,404,2.3371616110089235
kuhree,HackenProof (Hackers),https://hackenproof.com/,https://hackenproof.com/hackers/kuhree,Available,200,3.225563346990384
kuhree,HackerEarth,https://hackerearth.com/,https://hackerearth.com/@kuhree,Available,200,5.10696589096915
kuhree,HackerNews,https://news.ycombinator.com/,https://news.ycombinator.com/user?id=kuhree,Available,200,2.3154053530306555
kuhree,HackerOne,https://hackerone.com/,https://hackerone.com/kuhree,Available,404,2.2792610530159436
kuhree,HackerRank,https://hackerrank.com/,https://hackerrank.com/kuhree,Available,200,2.3855178100056946
kuhree,Harvard Scholar,https://scholar.harvard.edu/,https://scholar.harvard.edu/kuhree,Available,404,2.631583263981156
kuhree,Hashnode,https://hashnode.com,https://hashnode.com/@kuhree,Available,429,2.2896799209993333
kuhree,Holopin,https://holopin.io,https://holopin.io/@kuhree,Available,200,2.427543755969964
kuhree,Houzz,https://houzz.com/,https://houzz.com/user/kuhree,Available,404,3.2368558890302666
kuhree,HubPages,https://hubpages.com/,https://hubpages.com/@kuhree,Available,404,2.4599596760235727
kuhree,Hubski,https://hubski.com/,https://hubski.com/user/kuhree,Available,200,2.556443233974278
kuhree,HudsonRock,https://hudsonrock.com,https://cavalier.hudsonrock.com/api/json/v2/osint-tools/search-by-username?username=kuhree,Available,200,2.397491905023344
kuhree,Hugging Face,https://huggingface.co/,https://huggingface.co/kuhree,Claimed,200,2.4160509840003215
kuhree,IFTTT,https://www.ifttt.com/,https://www.ifttt.com/p/kuhree,Available,429,2.6002047110232525
kuhree,IRC-Galleria,https://irc-galleria.net/,https://irc-galleria.net/user/kuhree,Available,302,3.158585013006814
kuhree,Icons8 Community,https://community.icons8.com/,https://community.icons8.com/u/kuhree/summary,Available,404,2.8022956380154938
kuhree,ImgUp.cz,https://imgup.cz/,https://imgup.cz/kuhree,Available,404,2.896738243987784
kuhree,Imgur,https://imgur.com/,https://imgur.com/user/kuhree,Available,404,2.5206677300157025
kuhree,Instagram,https://instagram.com/,https://instagram.com/kuhree,Claimed,200,2.516632768965792
kuhree,Instructables,https://www.instructables.com/,https://www.instructables.com/member/kuhree,Available,404,2.7629909070092253
kuhree,Intigriti,https://app.intigriti.com,https://app.intigriti.com/profile/kuhree,Available,404,2.7503016389673576
kuhree,Ionic Forum,https://forum.ionicframework.com/,https://forum.ionicframework.com/u/kuhree,Available,404,2.756688343011774
kuhree,Issuu,https://issuu.com/,https://issuu.com/kuhree,Available,404,2.6826742499833927
kuhree,Itch.io,https://itch.io/,https://kuhree.itch.io/,Available,404,2.7365289949811995
kuhree,Itemfix,https://www.itemfix.com/,https://www.itemfix.com/c/kuhree,Available,200,2.7402508800150827
kuhree,Jellyfin Weblate,https://translate.jellyfin.org/,https://translate.jellyfin.org/user/kuhree/,Available,404,2.825634102046024
kuhree,Jimdo,https://jimdosite.com/,https://kuhree.jimdosite.com,Available,404,3.01709222298814
kuhree,Joplin Forum,https://discourse.joplinapp.org/,https://discourse.joplinapp.org/u/kuhree,Available,404,2.7790765179670416
kuhree,Kaggle,https://www.kaggle.com/,https://www.kaggle.com/kuhree,Available,404,2.8372501750127412
kuhree,kaskus,https://www.kaskus.co.id/,https://www.kaskus.co.id/@kuhree,Available,404,3.526523418026045
kuhree,Keybase,https://keybase.io/,https://keybase.io/kuhree,Available,404,2.8173930600169115
kuhree,Kick,https://kick.com/,https://kick.com/kuhree,Available,403,2.7979267119662836
kuhree,Kik,http://kik.me/,https://kik.me/kuhree,Available,404,2.8624866729951464
kuhree,Kongregate,https://www.kongregate.com/,https://www.kongregate.com/accounts/kuhree,Available,404,2.9084277549991384
kuhree,LOR,https://linux.org.ru/,https://www.linux.org.ru/people/kuhree/profile,Available,404,2.960834259982221
kuhree,Launchpad,https://launchpad.net/,https://launchpad.net/~kuhree,Available,404,3.2311921560321935
kuhree,LeetCode,https://leetcode.com/,https://leetcode.com/kuhree,Available,403,2.8503721480374224
kuhree,LessWrong,https://www.lesswrong.com/,https://www.lesswrong.com/users/@kuhree,Available,404,2.969789491035044
kuhree,Letterboxd,https://letterboxd.com/,https://letterboxd.com/kuhree,Available,404,2.9827790790004656
kuhree,LibraryThing,https://www.librarything.com/,https://www.librarything.com/profile/kuhree,Claimed,403,2.885711328999605
kuhree,Lichess,https://lichess.org,https://lichess.org/@/kuhree,Available,404,3.175236670009326
kuhree,LinkedIn,https://linkedin.com,https://linkedin.com/in/kuhree,Claimed,200,3.8823110059602186
kuhree,Linktree,https://linktr.ee/,https://linktr.ee/kuhree,Available,404,3.1826037539867684
kuhree,Listed,https://listed.to/,https://listed.to/@kuhree,Available,404,3.050150858995039
kuhree,LiveJournal,https://www.livejournal.com/,https://kuhree.livejournal.com,Available,404,3.4016447589965537
kuhree,Lobsters,https://lobste.rs/,https://lobste.rs/u/kuhree,Available,404,3.143980749999173
kuhree,LottieFiles,https://lottiefiles.com/,https://lottiefiles.com/kuhree,Available,404,3.250617934972979
kuhree,MMORPG Forum,https://forums.mmorpg.com/,https://forums.mmorpg.com/profile/kuhree,Available,404,3.2181265159742907
kuhree,Medium,https://medium.com/,https://medium.com/@kuhree,Available,404,3.127064505009912
kuhree,Memrise,https://www.memrise.com/,https://www.memrise.com/user/kuhree/,Available,404,3.272155601007398
kuhree,Minecraft,https://minecraft.net/,https://api.mojang.com/users/profiles/minecraft/kuhree,Available,405,3.280737908964511
kuhree,MixCloud,https://www.mixcloud.com/,https://www.mixcloud.com/kuhree/,Available,404,3.5044427550164983
kuhree,Monkeytype,https://monkeytype.com/,https://monkeytype.com/profile/kuhree,Claimed,200,3.2388327890075743
kuhree,Motorradfrage,https://www.motorradfrage.net/,https://www.motorradfrage.net/nutzer/kuhree,Available,404,3.5239015389815904
kuhree,MyAnimeList,https://myanimelist.net/,https://myanimelist.net/profile/kuhree,Available,404,3.376510623958893
kuhree,MyMiniFactory,https://www.myminifactory.com/,https://www.myminifactory.com/users/kuhree,Available,404,3.326585958013311
kuhree,Mydramalist,https://mydramalist.com,https://www.mydramalist.com/profile/kuhree,Available,200,3.478675424994435
kuhree,Myspace,https://myspace.com/,https://myspace.com/kuhree,Available,404,3.3224391390103847
kuhree,NICommunityForum,https://www.native-instruments.com/forum/,https://community.native-instruments.com/profile/kuhree,Available,404,3.6305629920098
kuhree,NationStates Nation,https://nationstates.net,https://nationstates.net/nation=kuhree,Claimed,403,3.517563519999385
kuhree,NationStates Region,https://nationstates.net,https://nationstates.net/region=kuhree,Claimed,403,3.597984531952534
kuhree,Naver,https://naver.com,https://blog.naver.com/kuhree,Available,404,3.531113205011934
kuhree,Needrom,https://www.needrom.com/,https://www.needrom.com/author/kuhree/,Available,404,3.730890906008426
kuhree,Newgrounds,https://newgrounds.com,https://kuhree.newgrounds.com,Available,404,3.6556984320050105
kuhree,Nextcloud Forum,https://nextcloud.com/,https://help.nextcloud.com/u/kuhree/summary,Available,403,3.6514664170099422
kuhree,Nightbot,https://nightbot.tv/,https://nightbot.tv/t/kuhree/commands,Available,404,3.4575091829756275
kuhree,Ninja Kiwi,https://ninjakiwi.com/,https://ninjakiwi.com/profile/kuhree,Available,301,3.3813611200312153
kuhree,NintendoLife,https://www.nintendolife.com/,https://www.nintendolife.com/users/kuhree,Available,404,3.5467305320198648
kuhree,NitroType,https://www.nitrotype.com/,https://www.nitrotype.com/racer/kuhree,Available,200,3.5137041580164805
kuhree,NotABug.org,https://notabug.org/,https://notabug.org/kuhree,Available,404,3.965244844031986
kuhree,Nyaa.si,https://nyaa.si/,https://nyaa.si/user/kuhree,Available,404,3.80023859301582
kuhree,OpenStreetMap,https://www.openstreetmap.org/,https://www.openstreetmap.org/user/kuhree,Available,404,3.8780672490247525
kuhree,Opensource,https://opensource.com/,https://opensource.com/users/kuhree,Available,404,3.5585580049664713
kuhree,OurDJTalk,https://ourdjtalk.com/,https://ourdjtalk.com/members?username=kuhree,Available,200,4.181177438993473
kuhree,PCGamer,https://pcgamer.com,https://forums.pcgamer.com/members/?username=kuhree,Available,200,3.7362095849821344
kuhree,PSNProfiles.com,https://psnprofiles.com/,https://psnprofiles.com/kuhree,Available,403,3.5757094099535607
kuhree,Packagist,https://packagist.org/,https://packagist.org/packages/kuhree/,Available,302,3.738605269987602
kuhree,Pastebin,https://pastebin.com/,https://pastebin.com/u/kuhree,Available,404,3.8039231179864146
kuhree,Patreon,https://www.patreon.com/,https://www.patreon.com/kuhree,Available,404,3.784165492048487
kuhree,PentesterLab,https://pentesterlab.com/,https://pentesterlab.com/profile/kuhree,Available,404,3.7968916399986483
kuhree,PepperIT,https://www.pepper.it,https://www.pepper.it/profile/kuhree/overview,Available,410,4.305540692992508
kuhree,Periscope,https://www.periscope.tv/,https://www.periscope.tv/kuhree/,Available,404,4.298550384002738
kuhree,Pinkbike,https://www.pinkbike.com/,https://www.pinkbike.com/u/kuhree/,Available,403,3.7244416379835457
kuhree,PlayStore,https://play.google.com/store,https://play.google.com/store/apps/developer?id=kuhree,Available,404,3.7533025110024028
kuhree,Pokemon Showdown,https://pokemonshowdown.com,https://pokemonshowdown.com/users/kuhree,Available,404,3.830383126041852
kuhree,Polarsteps,https://polarsteps.com/,https://polarsteps.com/kuhree,Available,404,3.972901772998739
kuhree,Polygon,https://www.polygon.com/,https://www.polygon.com/users/kuhree,Available,404,4.068667675019242
kuhree,Polymart,https://polymart.org/,https://polymart.org/user/kuhree,Available,403,3.8288003799971193
kuhree,ProductHunt,https://www.producthunt.com/,https://www.producthunt.com/@kuhree,Claimed,200,3.96882780600572
kuhree,PromoDJ,http://promodj.com/,http://promodj.com/kuhree,Available,404,6.682206041994505
kuhree,PyPi,https://pypi.org,https://pypi.org/user/kuhree,Available,404,3.8738696119980887
kuhree,Rajce.net,https://www.rajce.idnes.cz/,https://kuhree.rajce.idnes.cz/,Available,410,4.301989692961797
kuhree,Rarible,https://rarible.com/,https://rarible.com/marketplace/api/v4/urls/kuhree,Available,404,4.268276451970451
kuhree,Rate Your Music,https://rateyourmusic.com/,https://rateyourmusic.com/~kuhree,Available,403,3.847545010969043
kuhree,Rclone Forum,https://forum.rclone.org/,https://forum.rclone.org/u/kuhree,Available,404,4.312643529032357
kuhree,Redbubble,https://www.redbubble.com/,https://www.redbubble.com/people/kuhree,Claimed,200,4.161333583004307
kuhree,Reddit,https://www.reddit.com/,https://www.reddit.com/user/kuhree,Claimed,200,4.060487581009511
kuhree,Reisefrage,https://www.reisefrage.net/,https://www.reisefrage.net/nutzer/kuhree,Available,404,4.275987136003096
kuhree,Replit.com,https://replit.com/,https://replit.com/@kuhree,Claimed,200,4.849496422044467
kuhree,ResearchGate,https://www.researchgate.net/,,Illegal,,
kuhree,ReverbNation,https://www.reverbnation.com/,https://www.reverbnation.com/kuhree,Available,404,4.072336811979767
kuhree,Roblox,https://www.roblox.com/,https://www.roblox.com/user.aspx?username=kuhree,Claimed,200,4.286209458019584
kuhree,RoyalCams,https://royalcams.com,https://royalcams.com/profile/kuhree,Available,403,4.2611762679880485
kuhree,RubyGems,https://rubygems.org/,https://rubygems.org/profiles/kuhree,Available,404,4.312856206030119
kuhree,Rumble,https://rumble.com/,https://rumble.com/user/kuhree,Available,404,4.348235187993851
kuhree,RuneScape,https://www.runescape.com/,https://apps.runescape.com/runemetrics/app/overview/player/kuhree,Available,200,4.556089405028615
kuhree,SWAPD,https://swapd.co/,https://swapd.co/u/kuhree,Available,404,4.351229057996534
kuhree,Sbazar.cz,https://www.sbazar.cz/,https://www.sbazar.cz/kuhree,Available,404,4.886402069998439
kuhree,Scratch,https://scratch.mit.edu/,https://scratch.mit.edu/users/kuhree,Available,404,4.432506135024596
kuhree,Scribd,https://www.scribd.com/,https://www.scribd.com/kuhree,Available,404,4.407964340003673
kuhree,ShitpostBot5000,https://www.shitpostbot.com/,https://www.shitpostbot.com/user/kuhree,Available,404,4.613301464007236
kuhree,Signal,https://community.signalusers.org,https://community.signalusers.org/u/kuhree,Available,404,4.482042295974679
kuhree,Sketchfab,https://sketchfab.com/,https://sketchfab.com/kuhree,Available,404,4.445087371976115
kuhree,Slack,https://slack.com,https://kuhree.slack.com,Available,404,4.419967130990699
kuhree,Slant,https://www.slant.co/,https://www.slant.co/users/kuhree,Available,404,4.6311686059925705
kuhree,Slashdot,https://slashdot.org,https://slashdot.org/~kuhree,Available,404,4.5094352180021815
kuhree,SlideShare,https://slideshare.net/,https://slideshare.net/kuhree,Available,200,4.589514269027859
kuhree,Slides,https://slides.com/,https://slides.com/kuhree,Available,404,4.476259733957704
kuhree,SmugMug,https://smugmug.com,https://kuhree.smugmug.com,Available,404,4.708660501986742
kuhree,Smule,https://www.smule.com/,https://www.smule.com/kuhree,Claimed,200,4.77647550101392
kuhree,Snapchat,https://www.snapchat.com,https://www.snapchat.com/add/kuhree,Available,404,4.500670057022944
kuhree,SoundCloud,https://soundcloud.com/,https://soundcloud.com/kuhree,Claimed,200,4.626826949999668
kuhree,SourceForge,https://sourceforge.net/,https://sourceforge.net/u/kuhree,Available,403,4.485722213983536
kuhree,SoylentNews,https://soylentnews.org,https://soylentnews.org/~kuhree,Available,200,4.860853427031543
kuhree,Speedrun.com,https://speedrun.com/,https://speedrun.com/users/kuhree,Available,404,4.656749490997754
kuhree,Spells8,https://spells8.com,https://forum.spells8.com/u/kuhree,Available,404,4.595615407975856
kuhree,Splice,https://splice.com/,https://splice.com/kuhree,Available,404,4.97417909296928
kuhree,Splits.io,https://splits.io,https://splits.io/users/kuhree,Available,404,4.836705693975091
kuhree,Sporcle,https://www.sporcle.com/,https://www.sporcle.com/user/kuhree/people,Available,404,4.693554007040802
kuhree,Sportlerfrage,https://www.sportlerfrage.net/,https://www.sportlerfrage.net/nutzer/kuhree,Available,404,4.968468582024798
kuhree,SportsRU,https://www.sports.ru/,https://www.sports.ru/profile/kuhree/,Available,404,5.1569873000262305
kuhree,Spotify,https://open.spotify.com/,https://open.spotify.com/user/kuhree,Claimed,200,4.795174764003605
kuhree,Star Citizen,https://robertsspaceindustries.com/,https://robertsspaceindustries.com/citizens/kuhree,Available,404,4.784031901974231
kuhree,Steam Community (Group),https://steamcommunity.com/,https://steamcommunity.com/groups/kuhree,Available,200,4.755425697017927
kuhree,Steam Community (User),https://steamcommunity.com/,https://steamcommunity.com/id/kuhree/,Claimed,200,4.8677534040180035
kuhree,Strava,https://www.strava.com/,https://www.strava.com/athletes/kuhree,Available,404,4.978928408992942
kuhree,SublimeForum,https://forum.sublimetext.com/,https://forum.sublimetext.com/u/kuhree,Available,404,4.830782025004737
kuhree,TETR.IO,https://tetr.io,https://ch.tetr.io/u/kuhree,Available,404,5.113046944956295
kuhree,Tiendanube,https://www.tiendanube.com/,https://kuhree.mitiendanube.com/,Available,410,5.003742695029359
kuhree,Topcoder,https://topcoder.com/,https://profiles.topcoder.com/kuhree/,Available,404,4.8970643089851364
kuhree,TRAKTRAIN,https://traktrain.com/,https://traktrain.com/kuhree,Available,404,5.1712744570104405
kuhree,Telegram,https://t.me/,https://t.me/kuhree,Claimed,200,5.1606859199819155
kuhree,Tellonym.me,https://tellonym.me/,https://tellonym.me/kuhree,Available,403,4.881188464991283
kuhree,Tenor,https://tenor.com/,https://tenor.com/users/kuhree,Available,404,5.0592701899586245
kuhree,ThemeForest,https://themeforest.net/,https://themeforest.net/user/kuhree,Available,404,5.009850631991867
kuhree,TorrentGalaxy,https://torrentgalaxy.to/,https://torrentgalaxy.to/profile/kuhree,Claimed,502,5.312162104004528
kuhree,TradingView,https://www.tradingview.com/,https://www.tradingview.com/u/kuhree/,Available,404,4.992129882040899
kuhree,Trakt,https://www.trakt.tv/,https://www.trakt.tv/users/kuhree,Claimed,200,5.165041238011327
kuhree,TrashboxRU,https://trashbox.ru/,https://trashbox.ru/users/kuhree,Available,404,7.059379151032772
kuhree,Trawelling,https://traewelling.de/,https://traewelling.de/@kuhree,Available,404,5.281160818994977
kuhree,Trello,https://trello.com/,https://trello.com/kuhree,Claimed,200,5.063658280996606
kuhree,TryHackMe,https://tryhackme.com/,https://tryhackme.com/p/kuhree,Available,200,5.297336691990495
kuhree,Tuna,https://tuna.voicemod.net/,https://tuna.voicemod.net/user/kuhree,Available,410,5.3957697349833325
kuhree,Tweakers,https://tweakers.net,https://tweakers.net/gallery/kuhree,Available,403,5.643748611968476
kuhree,Twitter,https://x.com/,https://x.com/kuhree,Available,429,5.568329108005855
kuhree,Typeracer,https://typeracer.com,https://data.typeracer.com/pit/profile?user=kuhree,Available,200,5.301569600007497
kuhree,Ultimate-Guitar,https://ultimate-guitar.com/,https://ultimate-guitar.com/u/kuhree,Available,410,5.612779924995266
kuhree,Unsplash,https://unsplash.com/,https://unsplash.com/@kuhree,Available,404,5.120422007981688
kuhree,Untappd,https://untappd.com/,https://untappd.com/user/kuhree,Available,404,5.274952099018265
kuhree,VK,https://vk.com/,https://vk.com/kuhree,Available,404,5.514317850989755
kuhree,VSCO,https://vsco.co/,https://vsco.co/kuhree,Claimed,200,5.488086367025971
kuhree,Velog,https://velog.io/,https://velog.io/@kuhree/posts,Available,404,5.893749465991277
kuhree,Velomania,https://forum.velomania.ru/,https://forum.velomania.ru/member.php?username=kuhree,Available,200,5.998283900960814
kuhree,Venmo,https://venmo.com/,https://account.venmo.com/u/kuhree,Claimed,200,5.451535244006664
kuhree,Vero,https://vero.co/,https://vero.co/kuhree,Available,200,5.5062160099623725
kuhree,Vimeo,https://vimeo.com/,https://vimeo.com/kuhree,Available,404,5.352483207010664
kuhree,VirusTotal,https://www.virustotal.com/,https://www.virustotal.com/gui/user/kuhree,Available,404,5.359260082012042
kuhree,VLR,https://www.vlr.gg,https://www.vlr.gg/user/kuhree,Available,404,5.388688433973584
kuhree,WICG Forum,https://discourse.wicg.io/,https://discourse.wicg.io/u/kuhree/summary,Available,404,5.328304897004273
kuhree,Warrior Forum,https://www.warriorforum.com/,https://www.warriorforum.com/members/kuhree.html,Available,400,5.545108093996532
kuhree,Wattpad,https://www.wattpad.com/,https://www.wattpad.com/user/kuhree,Available,400,5.366110322007444
kuhree,WebNode,https://www.webnode.cz/,https://kuhree.webnode.cz/,Available,404,5.683849244960584
kuhree,Weblate,https://hosted.weblate.org/,https://hosted.weblate.org/user/kuhree/,Available,404,5.749837937997654
kuhree,Weebly,https://weebly.com/,https://kuhree.weebly.com/,Available,404,5.523514344997238
kuhree,Wikidot,http://www.wikidot.com/,http://www.wikidot.com/user:info/kuhree,Available,200,5.4327111360034905
kuhree,Wikipedia,https://www.wikipedia.org/,https://en.wikipedia.org/wiki/Special:CentralAuth/kuhree?uselang=qqx,Available,200,5.623009068018291
kuhree,Windy,https://windy.com/,https://community.windy.com/user/kuhree,Available,502,5.5194591250037774
kuhree,Wix,https://wix.com/,https://kuhree.wix.com,Available,404,5.540096226031892
kuhree,WolframalphaForum,https://community.wolfram.com/,https://community.wolfram.com/web/kuhree/home,Available,404,5.6297516410122626
kuhree,WordPress,https://wordpress.com,https://kuhree.wordpress.com/,Available,302,5.55832204699982
kuhree,WordPressOrg,https://wordpress.org/,https://profiles.wordpress.org/kuhree/,Available,404,5.74066720699193
kuhree,Wordnik,https://www.wordnik.com/,https://www.wordnik.com/users/kuhree,Available,400,5.90588617004687
kuhree,Wykop,https://www.wykop.pl,https://www.wykop.pl/ludzie/kuhree,Available,404,6.364374580036383
kuhree,Xbox Gamertag,https://xboxgamertag.com/,https://xboxgamertag.com/search/kuhree,Available,404,7.851054892002139
kuhree,YandexMusic,https://music.yandex,https://music.yandex/users/kuhree/playlists,Available,403,7.281005094002467
kuhree,YouNow,https://www.younow.com/,https://www.younow.com/kuhree/,Available,200,5.724400397972204
kuhree,YouPic,https://youpic.com/,https://youpic.com/photographer/kuhree/,Available,404,5.707025790004991
kuhree,YouTube,https://www.youtube.com/,https://www.youtube.com/@kuhree,Claimed,200,5.713355250947643
kuhree,akniga,https://akniga.org/profile/blue/,https://akniga.org/profile/kuhree,Available,404,5.927063277980778
kuhree,authorSTREAM,http://www.authorstream.com/,http://www.authorstream.com/kuhree/,Available,405,5.719160670996644
kuhree,babyblogRU,https://www.babyblog.ru/,https://www.babyblog.ru/user/kuhree,Available,301,6.461032897001132
kuhree,chaos.social,https://chaos.social/,https://chaos.social/@kuhree,Available,404,6.00396073597949
kuhree,couchsurfing,https://www.couchsurfing.com/,https://www.couchsurfing.com/people/kuhree,Available,404,5.847725672996603
kuhree,d3RU,https://d3.ru/,https://d3.ru/user/kuhree/posts,Available,404,6.057279893953819
kuhree,dailykos,https://www.dailykos.com,https://www.dailykos.com/user/kuhree,Available,200,5.83326996298274
kuhree,datingRU,http://dating.ru,http://dating.ru/kuhree,Available,404,6.897719233005773
kuhree,devRant,https://devrant.com/,https://devrant.com/users/kuhree,Available,302,5.981726816971786
kuhree,drive2,https://www.drive2.ru/,https://www.drive2.ru/users/kuhree,Available,404,6.4131206280435435
kuhree,eGPU,https://egpu.io/,https://egpu.io/forums/profile/kuhree/,Available,404,6.089646104956046
kuhree,eintracht,https://eintracht.de,https://community.eintracht.de/fans/kuhree,Available,500,6.143597219022922
kuhree,fixya,https://www.fixya.com,https://www.fixya.com/users/kuhree,Available,404,5.93327193899313
kuhree,fl,https://www.fl.ru/,https://www.fl.ru/users/kuhree,Available,404,6.41840616898844
kuhree,forum_guns,https://forum.guns.ru/,https://forum.guns.ru/forummisc/blog/kuhree,Available,200,6.526082485972438
kuhree,freecodecamp,https://www.freecodecamp.org/,https://www.freecodecamp.org/kuhree,Available,404,6.103738283971325
kuhree,furaffinity,https://www.furaffinity.net,https://www.furaffinity.net/user/kuhree,Available,200,6.111607916012872
kuhree,geocaching,https://www.geocaching.com/,https://www.geocaching.com/p/default.aspx?u=kuhree,Available,404,6.331557395053096
kuhree,habr,https://habr.com/,https://habr.com/ru/users/kuhree,Available,404,6.558767948008608
kuhree,hackster,https://www.hackster.io,https://www.hackster.io/kuhree,Available,404,6.152106610010378
kuhree,hunting,https://www.hunting.ru/forum/,https://www.hunting.ru/forum/members/?username=kuhree,Available,200,9.551745204953477
kuhree,igromania,http://forum.igromania.ru/,http://forum.igromania.ru/member.php?username=kuhree,Available,200,6.396762171003502
kuhree,interpals,https://www.interpals.net/,https://www.interpals.net/kuhree,Available,200,6.19820961804362
kuhree,irecommend,https://irecommend.ru/,https://irecommend.ru/users/kuhree,Available,404,6.64894247794291
kuhree,jbzd.com.pl,https://jbzd.com.pl/,https://jbzd.com.pl/uzytkownik/kuhree,Available,404,6.480650687008165
kuhree,jeuxvideo,https://www.jeuxvideo.com,https://www.jeuxvideo.com/profil/kuhree,Available,404,6.407347144966479
kuhree,kofi,https://ko-fi.com,https://ko-fi.com/kuhree,Available,302,6.314898845972493
kuhree,kwork,https://www.kwork.ru/,https://kwork.ru/user/kuhree,Available,404,6.727374572015833
kuhree,last.fm,https://last.fm/,https://last.fm/user/kuhree,Available,404,6.570747011981439
kuhree,leasehackr,https://forum.leasehackr.com/,https://forum.leasehackr.com/u/kuhree/summary/,Available,404,6.738435984996613
kuhree,livelib,https://www.livelib.ru/,https://www.livelib.ru/reader/kuhree,Available,404,6.744770709017757
kuhree,mastodon.cloud,https://mastodon.cloud/,https://mastodon.cloud/@kuhree,Available,404,6.964093603019137
kuhree,mastodon.social,https://chaos.social/,https://mastodon.social/@kuhree,Claimed,200,6.625310178031214
kuhree,mastodon.xyz,https://mastodon.xyz/,https://mastodon.xyz/@kuhree,Available,404,6.870272942003794
kuhree,mercadolivre,https://www.mercadolivre.com.br,https://www.mercadolivre.com.br/perfil/kuhree,Available,404,6.93658218201017
kuhree,minds,https://www.minds.com,https://www.minds.com/kuhree/,Available,200,6.615147452976089
kuhree,moikrug,https://moikrug.ru/,https://moikrug.ru/kuhree,Available,404,7.201615879021119
kuhree,mstdn.io,https://mstdn.io/,https://mstdn.io/@kuhree,Available,404,6.814826937043108
kuhree,nairaland.com,https://www.nairaland.com/,https://www.nairaland.com/kuhree,Available,404,6.756287838972639
kuhree,nnRU,https://www.nn.ru/,https://kuhree.www.nn.ru/,Available,404,7.366974977019709
kuhree,note,https://note.com/,https://note.com/kuhree,Available,404,6.877169729967136
kuhree,npm,https://www.npmjs.com/,https://www.npmjs.com/~kuhree,Available,404,7.064277623023372
kuhree,omg.lol,https://home.omg.lol,https://kuhree.omg.lol,Available,200,6.942506238992792
kuhree,opennet,https://www.opennet.ru/,https://www.opennet.ru/~kuhree,Available,200,7.891580670024268
kuhree,osu!,https://osu.ppy.sh/,https://osu.ppy.sh/users/kuhree,Available,404,6.929014674969949
kuhree,phpRU,https://php.ru/forum/,https://php.ru/forum/members/?username=kuhree,Available,200,7.821271744032856
kuhree,pikabu,https://pikabu.ru/,https://pikabu.ru/@kuhree,Available,403,6.862806944001932
kuhree,pr0gramm,https://pr0gramm.com/,https://pr0gramm.com/user/kuhree,Available,404,7.16914715396706
kuhree,prog.hu,https://prog.hu/,https://prog.hu/azonosito/info/kuhree,Unknown,?,
kuhree,satsisRU,https://satsis.info/,https://satsis.info/user/kuhree,Available,404,7.454691538994666
kuhree,sessionize,https://sessionize.com/,https://sessionize.com/kuhree,Available,404,7.316404181998223
kuhree,social.tchncs.de,https://social.tchncs.de/,https://social.tchncs.de/@kuhree,Available,404,7.359590519045014
kuhree,spletnik,https://spletnik.ru/,https://spletnik.ru/user/kuhree,Available,404,7.4848979719681665
kuhree,svidbook,https://www.svidbook.ru/,https://www.svidbook.ru/user/kuhree,Available,410,7.962437735986896
kuhree,threads,https://www.threads.net/,https://www.threads.net/@kuhree,Available,200,7.028859924990684
kuhree,toster,https://www.toster.ru/,https://www.toster.ru/user/kuhree/answers,Available,404,7.113344572018832
kuhree,uid,https://uid.me/,http://uid.me/kuhree,Available,404,7.227748906996567
kuhree,znanylekarz.pl,https://znanylekarz.pl,https://www.znanylekarz.pl/kuhree,Available,404,7.397542517050169
kuhree,Bluesky,https://bsky.app/,https://bsky.app/profile/kuhree.bsky.social,Claimed,200,7.1978564109886065
